receiver x,receiver y,time of reception
0,5,0.00921947
0,0,0.01457726
10,5,0.02061536
10,0,0.02350512