receiver x,receiver y,time of reception
0,5,0.0212248105
0,0,0.02220341108
10,5,0.01051180758
10,0,0.01236921283